<?xml version="1.0" encoding="UTF-8"?>
<!DOCTYPE suite SYSTEM "http://testng.org/testng-1.0.dtd">
<suite name="Indexed Unsorted List">

  <test name="IUDoubleLinkedList" verbose="2">             
  
  	<parameter name="listType" value="doubleLinkedList"/> 
  	
    <classes>     
     <class name="Test_1_emptyList"/>
      <class name="Test_6_A_addToFrontB_BA"/> 
      <class name="Test_39_ABC_remove1_AC"/> 
      <class name="Test_10_A_add0B_BA"/> 
      <class name="Test_12_A_removeFirst_emptyList"/> 
      <class name="Test_16_A_set0B_B"/> 
      <class name="Test_17_AB_addToFrontC_CAB"/> 
      <class name="Test_18_AB_addToRearC_ABC"/> 
      <class name="Test_19_AB_addAfterCA_ACB"/> 
      <class name="Test_2_emptyList_addToFrontA_A"/> 
      <class name="Test_23_AB_add1C_ACB"/> 
      <class name="Test_25_AB_removeFirst_B"/> 
      <class name="Test_26_AB_removeLast_A"/> 
      <class name="Test_3_emptyList_addToRearA_A"/> 
      <class name="Test_32_AB_set1C_AC"/> 
      <class name="Test_33_ABC_removeFirst_BC"/> 
      <class name="Test_34_ABC_removeLast_AB"/> 
      <class name="Test_35_ABC_removeA_BC"/> 
      <class name="Test_36_ABC_remove1_AC"/> 
      <class name="Test_4_emptyList_addA_A"/> 
      <class name="Test_5_emptyList_add0A_A"/> 
      <class name="Test_7_A_addToRearB_AB"/> 
      <class name="Test_8_A_addAfterBA_AB"/> 
      <class name="Test_9_A_addB_AB"/> 
    </classes>
    
  </test> <!-- IUDoubleLinkedList -->

</suite> <!-- Indexed Unsorted List -->
