<?xml version="1.0" encoding="UTF-8"?>
<!DOCTYPE suite SYSTEM "http://testng.org/testng-1.0.dtd">
<suite name="Indexed Unordered List">

  <test name="IUArrayList" verbose="2">   
  	<parameter name="listType" value="arrayList"/> 
    <classes>     
      <class name="Test_1_emptyList"/>
	  <class name="Test_6_A_addToFrontB_BA"/>
	  <class name="Test_39_ABC_remove1_AC"/>
	  
	  <!-- Add your test class names here --> 
	  <class name="Test_2_emptyList_addToFrontA_A"/>
	  <class name="Test_3_emptyList_addToRearA_A"/>
	  <class name="Test_5_emptyList_add0A_A"/>
	  <class name="Test_7_A_addToRearB_AB"/>
	  <class name="Test_8_A_addAfterBA_AB"/>
	  <class name="Test_9_A_addB_AB"/>
	  <class name="Test_17_AB_addToFrontC_CAB"/>
	  <class name="Test_18_AB_addToRearC_ABC"/>
	  <class name="Test_19_AB_addAfterCA_ACB"/>
	  <class name="Test_23_AB_add1C_ACB"/>
	  <class name="Test_16_A_set0B_B"/>
	  
    </classes>
  </test> <!-- IUArrayList -->

</suite> <!-- Indexed Unordered List -->
