<?xml version="1.0" encoding="UTF-8"?>
<!DOCTYPE suite SYSTEM "http://testng.org/testng-1.0.dtd">
<suite name="List Testing 2">

  <test name="Good List" verbose="2"> 
  	<parameter name="listType" value="goodList"/>   
    <classes>     
      <class name="Test_1_emptyList"/>
	  <class name="Test_6_A_addToFrontB_BA"/>
	  <class name="Test_39_ABC_remove1_AC"/>

	 <!-- Add your test class names here -->
	  <class name="Test_10_A_add0B_BA"/> 	
	  <class name="Test_12_A_removeFirst_emptyList"/>
	  <class name="Test_16_A_set0B_B"/>
	   
	  
    </classes>
  </test> <!-- Good List-->
  
</suite> <!-- List Testing 2 -->
